pattern,rung,ops,llm_calls_mean,llm_calls_sd,in_tok_mean,in_tok_sd,out_tok_mean,out_tok_sd,cost_usd_mean,cost_usd_sd,wall_s_mean,wall_s_sd,transfers_mean,updates_mean,ok_pct
multiagent,G2,0,6.78,4.13,5144.4,4045.0,105.1,71.9,0.005019,0.003186,13.64,12.66,5.78,0,77.8
multiagent,G1,0,5,0.0,3069.5,59.7,93.4,9.2,0.002389,0.00019,17.58,30.76,4,0,100.0
multiagent,B,1,5.1,0.3,3130.2,231.7,66,7.2,0.002576,0.001079,11.32,10.18,4.1,0,100.0
multiagent,L1,4,10.33,2.36,8042.6,3128.3,161.1,46.3,0.007137,0.005007,35.36,29.09,9.33,0,66.7
multiagent,L2,6,12.56,2.91,11355.6,3109.2,209.1,61.6,0.011017,0.003513,28.43,9.93,11.56,0,88.9
multiagent,L3,8,20.5,9.2,26874.2,24537.7,362.5,134.5,0.021706,0.017953,61.96,51.04,19.5,0,100.0
multiagent,L4,14,16.67,5.66,20995.6,11128.0,398.9,144.7,0.020223,0.007043,55.41,30.52,15.67,0,88.9
single_naive,G1,0,1,0.0,40,0.0,8.2,1.2,0.000146,1.5e-05,0.75,0.1,0,0,100.0
single_naive,G2,0,1,0.0,48,0.0,21.2,7.6,0.000356,3.2e-05,1.24,0.21,0,0,100.0
single_naive,B,1,1,0.0,40,0.0,1,0.0,9.7e-05,0.0,2.46,5.44,0,0,100.0
single_naive,L1,4,1,0.0,49,0.0,1,0.0,0.000498,2.8e-05,1.34,0.28,0,0,100.0
single_naive,L2,6,1,0.0,59,0.0,3,0.0,0.000732,2.6e-05,1.73,0.21,0,0,100.0
single_naive,L3,8,1,0.0,69,0.0,3,0.0,0.000893,1e-05,2.94,3.27,0,0,100.0
single_naive,L4,14,1,0.0,93,0.0,2.9,0.3,0.001122,5.1e-05,2.23,0.29,0,0,100.0
single_structured,G2,0,1,0.0,543,0.0,30,0.0,0.000586,5.3e-05,1.36,0.14,0,0,100.0
single_structured,G1,0,1,0.0,535,0.0,13,0.0,0.000302,5e-05,0.8,0.15,0,0,100.0
single_structured,B,1,1,0.0,535,0.0,14,0.0,0.000273,1.3e-05,1.54,2.12,0,0,100.0
single_structured,L1,4,1,0.0,544,0.0,42,0.0,0.000643,8.3e-05,1.37,0.29,0,0,100.0
single_structured,L2,6,1,0.0,554,0.0,69,0.0,0.001174,0.000234,2.14,0.34,0,0,100.0
single_structured,L3,8,1,0.0,564,0.0,92,0.0,0.001697,0.000162,2.91,0.51,0,0,100.0
single_structured,L4,14,1,0.0,588,0.0,159,0.0,0.002845,0.000621,4.4,0.92,0,0,100.0
workflow,G2,0,9,0.0,5080,77.2,114.4,10.7,0.00354,0.000236,13.46,7.95,2,3,100.0
workflow,G1,0,7,0.0,3599,28.2,76.1,6.9,0.002842,0.000157,19.62,33.75,2,1,100.0
workflow,B,1,10,0.0,6028.5,34.0,104.9,8.8,0.004447,0.00023,27.19,41.52,3,2,100.0
workflow,L1,4,6.9,0.3,3597.6,171.3,88.2,7.8,0.003114,0.000254,9.25,2.06,1,3,0.0
workflow,L2,6,12,2.41,12408.8,2504.1,165.2,32.7,0.011626,0.002553,34.7,17.07,1.2,4.9,90.0
workflow,L3,8,13.3,2.87,17798.1,20991.1,221.1,58.8,0.026407,0.053744,55.36,81.83,1.6,5.1,100.0
workflow,L4,14,16.5,8.19,31347.8,16912.3,361.6,185.6,0.029974,0.012572,66.21,36.12,1.8,5.8,90.0
